{"accuracy": [0.6117078065872192, 0.8645991683006287, 0.9182302951812744, 0.940422534942627, 0.9555444717407227, 0.9649619460105896, 0.9726154208183289, 0.9757450819015503, 0.9796856045722961, 0.9823884963989258], "loss": [1.3117361068725586, 0.42855411767959595, 0.25535163283348083, 0.1827664077281952, 0.13632625341415405, 0.1060066893696785, 0.08263996988534927, 0.07430514693260193, 0.06135856360197067, 0.05550171807408333], "val_accuracy": [0.8404848575592041, 0.9149214625358582, 0.9244252443313599, 0.9320510029792786, 0.9426929354667664, 0.95652174949646, 0.9577168226242065, 0.9603345990180969, 0.9458798170089722, 0.9695538282394409], "val_loss": [0.5064573287963867, 0.2702695429325104, 0.22823897004127502, 0.20579521358013153, 0.1836477369070053, 0.13769635558128357, 0.1329665333032608, 0.12882933020591736, 0.19330096244812012, 0.1019495353102684]}